Trends,Search volume,Started,LLM summary,Related US stock,News sentiment score
spain vs argentina,1M+,"July 16, 2026 at 3:50:00 AM UTC+8",「西班牙對阿根廷」成為熱門搜尋關鍵字，主因是兩隊已成功闖入2026年國際足總世界盃決賽。這場萬眾矚目的對決備受關注，特別是西班牙新星拉明·亞馬爾與阿根廷球星萊奧內爾·梅西之間的世代對決。各大媒體如FOX Sports和紐約時報紛紛發布賽事預測與分析，進一步推高了搜尋熱度。球迷對於這場冠軍之戰充滿期待，討論度居高不下，帶動了相關話題的網路流量與趨勢飆升。,,8
air quality,500K+,"July 15, 2026 at 5:50:00 PM UTC+8",美國多州發布空氣品質健康警報，搜尋量大幅上升。紐約州發布全州空氣品質健康諮詢；明尼蘇達州野火與熱穹效應導致為期3天的空氣品質警報；底特律都會區因野火煙霧出現「不健康」空氣品質。野火煙霧與極端高溫共同影響多地空氣品質，引發民眾高度關注。,,3
world cup game,200K+,"July 16, 2026 at 3:30:00 AM UTC+8",2026年FIFA世界盃正火熱進行，搜尋量在7月16日飆升，主因是英格蘭與法國之間的季軍戰引發關注。多家媒體如《紐約時報》、Mashable及FOX Sports皆報導了7月15日的賽程、開賽時間及直播資訊，帶動大量球迷上網查詢比賽詳情，使「world cup game」成為熱門搜尋趨勢。,,6
inglaterra - argentina,200K+,"July 16, 2026 at 2:10:00 AM UTC+8",2026年世界盃足球賽半決賽中，阿根廷以2比1逆轉擊敗英格蘭成功晉級決賽。據報導，梅西、恩佐和羅梅羅在這場逆轉勝中發揮了關鍵作用。由於兩國在足球歷史上具有深厚的宿敵關係，這場比賽不僅僅是體育競技，更帶有額外的歷史與情感意義，因此引發了大量網絡搜索。隨著阿根廷闖入決賽，球迷對賽果與球員表現的高度關注推動了該話題的熱度。,,8
the odyssey,200K+,"July 16, 2026 at 12:50:00 AM UTC+8",克里斯多福·諾蘭執導的史詩電影《The Odyssey》於2026年7月16日左右陸續發布影評，紐約時報、USA Today及Refinery29等媒體皆給予高度評價，稱其為「大膽、殘酷的傑作」且「每一幀都充滿熱情」。由於諾蘭的知名度與媒體的一致好評，引發大量觀眾搜尋，使搜尋量突破20萬。然而，具體票房數據與上映日期等細節在現有資料中尚不清楚。,,9
valkyries vs fever,100K+,"July 16, 2026 at 7:10:00 AM UTC+8",金州女武神隊在WNBA賽事中擊敗印第安納狂熱隊，將連勝紀錄延長至八場。本場比賽因狂熱隊球星Caitlin Clark的高人氣而備受關注，多家媒體如《紐約時報》、Yahoo Sports及USA Today均報導賽前轉播資訊與賽後精華，推升了搜尋熱度。,,7
what time is the world cup game today,100K+,"July 15, 2026 at 7:40:00 PM UTC+8",2026年7月15日「今天世界盃幾點開踢」搜尋量激增，主要原因是當天舉行FIFA世界盃半決賽（最終四強戰）。球迷為了觀看比賽，大量搜尋開賽時間、轉播頻道與直播資訊，帶動相關關鍵字成為熱門趨勢。,,8
wordle today,100K+,"July 15, 2026 at 6:00:00 PM UTC+8",「Wordle today」於2026年7月15日成為熱搜，搜尋量超過10萬次。Mashable、CNET與Forbes等媒體均發布了7月15日至16日Wordle每日謎題的提示與答案，顯示大量玩家在每日解謎時段集中搜尋答案與攻略。此為Wordle作為熱門文字遊戲的常態性每日搜尋高峰，玩家習慣在遇到困難時上網查找提示。由於提供的來源僅含標題與摘要，缺乏詳細內容，無法確認當日答案是否特別困難或具爭議性。,,5
roger rogoff trump administration dismissal,50K+,"July 16, 2026 at 7:40:00 AM UTC+8",根據報導，川普政府在西雅圖新任美國檢察官Roger Rogoff宣誓就職後不到一小時內即將其解職，此一極不尋常的舉動引發大量關注與搜尋。紐約時報、KOMO及Spokesman-Review等多家媒體均報導此事件，指出該任命在數十分鐘內遭撤銷，情節罕見且具爭議性，因而推升搜尋熱度。目前來源僅提供標題摘要，未說明解職具體原因，相關細節仍不明確。,,3
espys,50K+,"July 16, 2026 at 5:50:00 AM UTC+8",2026年ESPY頒獎典禮近期舉行，引發大量搜尋關注。ABC News、ESPN與USA Today等媒體紛紛發布如何收看、入圍名單、完整得獎名單以及典禮精彩片段與焦點時刻，顯示觀眾對於體育界年度盛事與各獎項結果的高度興趣。,,8
messi yamal baby,50K+,"July 16, 2026 at 5:00:00 AM UTC+8",2026世界盃阿根廷將對陣西班牙，媒體揭露梅西與西班牙新星拉明·亞馬爾早於2007年在一次嬰兒照片拍攝活動中結緣，當時亞馬爾尚在襁褓中，梅西甚至曾為嬰兒時期的亞馬爾洗澡。這段跨越近20年的奇妙緣分因兩人即將在世界盃賽場正面交鋒而引發熱議，搜索量因此大幅攀升。FOX Sports、TODAY.com及CNN等多家媒體均報導了這段溫馨故事，成為賽前焦點話題。,,7
youtube tv,50K+,"July 16, 2026 at 3:00:00 AM UTC+8",YouTube TV 近期趨勢搜尋量激增，主要原因是平台宣布擴充頻道陣容，悄悄為訂閱者新增一個熱門頻道，引發用戶關注。同時，WNBA 印第安納狂熱隊對陣金州女武神隊的 Caitlin Clark 賽事於 7 月 16 日登場，觀眾大量搜尋 YouTube TV 以收看比賽，進一步推升搜尋熱度。由於新聞來源僅提供標題與摘要，頻道擴充的具體內容尚不完整，但兩起事件共同帶動了搜尋興趣的上升。,,7
product recall,50K+,"July 15, 2026 at 7:40:00 PM UTC+8",「product recall」搜尋量激增，主因是多起重大產品召回事件同時發生。沃爾瑪宣布全國性召回一款熱門嬰兒用品，因存在受傷風險；Pillsbury因玻璃污染召回超過70萬份麵包捲；此外，亞利桑那共和報也整理出目前市面上6項應避免購買的召回商品。這些涉及嬰兒安全與食品污染的事件引發消費者高度關注，推升了搜尋熱度。,WMT,2
hannah waddingham,20K+,"July 16, 2026 at 7:30:00 AM UTC+8",Hannah Waddingham因兩則娛樂新聞同時發布而登上趨勢搜尋。Deadline報導她將與Jason Statham共同主演David Leitch執導的動作喜劇《Jason Statham Stole My Bike》。同時，IndieWire發表了Amazon動作喜劇《Ride or Die》的評論，稱讚Waddingham與Octavia Spencer為該片增添活力。兩則消息於7月15日至16日相繼發布，引發對這位女演員的搜尋量大幅上升。,AMZN,7
pete hegseth military testosterone testing,20K+,"July 16, 2026 at 5:20:00 AM UTC+8",美國國防部長皮特·赫格塞斯宣布新政策，將對軍中服役人員進行睪固酮水平檢測，並為 levels 偏低者提供荷爾蒙替代療法。此消息由 NBC News、The Atlantic 及 PBS 等多家媒體報導，引發廣泛關注與討論，搜尋量迅速攀升。該政策涉及軍方健康標準與士兵體能管理，其動機與影響仍存在爭議。,,5
malvinas,20K+,"July 16, 2026 at 5:10:00 AM UTC+8",阿根廷國家足球隊在世界盃擊敗英格蘭後，球員高舉「馬爾維納斯群島屬於阿根廷」的橫幅慶祝，引發巨大爭議。該橫幅涉及阿根廷與英國長期爭議的福克蘭群島（阿根廷稱馬爾維納斯群島）主權問題，國際足總（FIFA）可能對阿根廷隊進行處罰，因FIFA通常禁止賽事中的政治表態。體育競爭與地緣政治敏感議題交織，促使搜尋量大增。,,3
france vs england,20K+,"July 16, 2026 at 5:00:00 AM UTC+8",2026世界盃季軍戰將由法國對決英格蘭，比賽地點位於邁阿密，這也是邁阿密在本屆世界盃的最後一場賽事。根據體育媒體報導，法國隊在這場季軍爭奪戰中被看好勝出。隨著比賽臨近，兩國球迷對賽事預測、賠率及觀戰重點的關注度大幅提升，促使「法國對英格蘭」成為熱門搜尋趨勢。,,5
who won the last world cup,20K+,"July 16, 2026 at 5:00:00 AM UTC+8",「who won the last world cup」搜尋量在2026年7月16日飆升，主因是2026年FIFA世界盃（由美國、加拿大、墨西哥合辦）賽事即時或剛結束，引發民眾回顧歷屆冠軍。新聞來源提及阿根廷的世界盃決賽紀錄及英格蘭奪冠歷史，暗示這兩隊可能與2026年賽事相關。阿根廷為上一屆（2022年）世界盃冠軍。然而所提供的新聞僅有標題與RSS摘要，缺乏詳細內容，無法確認2026年賽事的最終結果或搜尋飆升的確切原因。,,5
golden boot race 2026,20K+,"July 16, 2026 at 4:50:00 AM UTC+8",2026年世界盃金靴獎競爭成為熱搜焦點，主要因為梅西在準決賽中貢獻兩次助攻，使他在金靴獎排名上超越姆巴佩。多家媒體報導梅西與姆巴佩的激烈競爭，並討論梅西是否篤定奪得金靴獎。隨著世界盃進入關鍵階段，搜尋量大幅上升反映球迷對兩位球星進球數據與最終獎項歸屬的高度關注。,,6
messi wife,20K+,"July 16, 2026 at 4:50:00 AM UTC+8",2026世界盃期間，阿根廷球星梅西的妻子Antonela Roccuzzo成為熱搜焦點。ELLE、USA Today與Sports Illustrated等媒體紛紛報導她在世界盃期間對梅西的支持，以及她身穿阿根廷隊服裝為重要勝利加油的形象。由於世界盃正激烈進行，梅西的妻子作為場邊焦點人物，引發大量球迷與媒體關注，搜尋量因此大幅上升。,,7
